{
    "name": "validation_misuse_word_filters",
    "timestamp": "",
    "thresholds": {
        "num_thresholds": 51,
        "min_threshold": 0.0,
        "max_threshold": 1.0
    },
    "optimum": {
        "threshold": 0.32,
        "f1_score": 0.9682845628175925,
        "precision": 0.9996382054992764,
        "recall": 0.9388379204892966,
        "mcc": 0.9357148545384844,
        "tn": 2521.0,
        "tp": 2763.0,
        "fn": 180.0,
        "fp": 1.0
    },
    "default": {
        "threshold": 0.5,
        "f1_score": 0.9673798667134339,
        "precision": 0.9996375498368975,
        "recall": 0.9371389738362216,
        "mcc": 0.9340027035169712,
        "tn": 2521.0,
        "tp": 2758.0,
        "fn": 185.0,
        "fp": 1.0
    }
}